{
    "loss": 21.984296798706055,
    "accuracy": 0.3929961025714874
}