{
    "loss": 17.30548095703125,
    "accuracy": 0.3618676960468292
}